Date,Funding_Rate
2022-04-30,5.231e-05
2022-05-01,4.1660000000000004e-05
2022-05-02,9.666666666666667e-05
2022-05-03,0.0001
2022-05-04,7.501333333333334e-05
2022-05-05,0.0001
2022-05-06,-4.999e-05
2022-05-07,4.793333333333334e-06
2022-05-08,5.7803333333333336e-05
2022-05-09,0.0001
2022-05-10,0.0001
2022-05-11,3.6689999999999996e-05
2022-05-12,-0.0002514866666666667
2022-05-13,-5.623333333333333e-06
2022-05-14,0.0001
2022-05-15,9.114333333333334e-05
2022-05-16,7.941e-05
2022-05-17,4.665e-05
2022-05-18,-3.2720000000000005e-05
2022-05-19,4.249333333333333e-05
2022-05-20,0.0001
2022-05-21,6.699999999999998e-07
2022-05-22,3.1156666666666666e-05
2022-05-23,0.0001
2022-05-24,-3.385333333333333e-05
2022-05-25,7.893e-05
2022-05-26,6.079e-05
2022-05-27,0.0001
2022-05-28,9.570666666666668e-05
2022-05-29,0.0001
2022-05-30,0.0001
2022-05-31,0.0001
2022-06-01,0.0001
2022-06-02,9.733333333333334e-06
2022-06-03,7.009999999999998e-06
2022-06-04,3.523666666666666e-05
2022-06-05,3.979666666666667e-05
2022-06-06,8.564e-05
2022-06-07,-1.3129999999999998e-05
2022-06-08,0.0001
2022-06-09,9.702e-05
2022-06-10,7.597333333333333e-05
2022-06-11,2.9156666666666668e-05
2022-06-12,3.6673333333333333e-05
2022-06-13,6.180000000000001e-06
2022-06-14,-3.711666666666666e-05
2022-06-15,-3.3276666666666666e-05
2022-06-16,-1.6386666666666667e-05
2022-06-17,-2.2053333333333335e-05
2022-06-18,5.7193333333333333e-05
2022-06-19,2.3076666666666665e-05
2022-06-20,2.1376666666666665e-05
2022-06-21,5.665e-05
2022-06-22,-1.4813333333333334e-05
2022-06-23,-1.7016666666666666e-05
2022-06-24,8.668666666666667e-05
2022-06-25,7.540333333333334e-05
2022-06-26,6.889666666666667e-05
2022-06-27,5.8183333333333336e-05
2022-06-28,-1.921333333333333e-05
2022-06-29,5.947333333333333e-05
2022-06-30,-6.904666666666666e-05
2022-07-01,-4.5803333333333336e-05
2022-07-02,1.475e-05
2022-07-03,5.2e-05
2022-07-04,4.8899999999999996e-05
2022-07-05,5.137e-05
2022-07-06,9.457666666666667e-05
2022-07-07,8.424666666666666e-05
2022-07-08,6.737333333333334e-05
2022-07-09,8.714333333333334e-05
2022-07-10,9.987333333333333e-05
2022-07-11,6.759666666666666e-05
2022-07-12,5.7010000000000005e-05
2022-07-13,-6.016666666666666e-06
2022-07-14,4.5026666666666674e-05
2022-07-15,4.086333333333333e-05
2022-07-16,4.950333333333333e-05
2022-07-17,8.915666666666667e-05
2022-07-18,0.0001
2022-07-19,0.0001
2022-07-20,9.372666666666667e-05
2022-07-21,0.0001
2022-07-22,8.390666666666666e-05
2022-07-23,6.688e-05
2022-07-24,7.354333333333333e-05
2022-07-25,4.519e-05
2022-07-26,7.437666666666666e-05
2022-07-27,4.209e-05
2022-07-28,9.743000000000001e-05
2022-07-29,0.0001
2022-07-30,0.0001
2022-07-31,8.760333333333334e-05
2022-08-01,8.816333333333335e-05
2022-08-02,8.539333333333333e-05
2022-08-03,2.4999999999999998e-06
2022-08-04,1.0076666666666666e-05
2022-08-05,3.527e-05
2022-08-06,8.492333333333335e-05
2022-08-07,3.888e-05
2022-08-08,7.596666666666667e-05
2022-08-09,9.306666666666667e-05
2022-08-10,2.9023333333333334e-05
2022-08-11,7.372333333333333e-05
2022-08-12,2.3506666666666666e-05
2022-08-13,2.35e-05
2022-08-14,1.1006666666666666e-05
2022-08-15,-1.3426666666666666e-05
2022-08-16,2.0896666666666666e-05
2022-08-17,3.364e-05
2022-08-18,8.520666666666668e-05
2022-08-19,1.787333333333334e-05
2022-08-20,-3.406333333333333e-05
2022-08-21,-2.9266666666666665e-05
2022-08-22,-2.428666666666667e-05
2022-08-23,-2.1766666666666666e-05
2022-08-24,-1.7939999999999998e-05
2022-08-25,2.052e-05
2022-08-26,1.3663333333333334e-05
2022-08-27,-4.498e-05
2022-08-28,-4.1989999999999996e-05
2022-08-29,-9.957333333333332e-05
2022-08-30,-2.7119999999999998e-05
2022-08-31,2.88e-05
2022-09-01,5.095333333333333e-05
2022-09-02,3.948666666666667e-05
2022-09-03,3.452666666666666e-05
2022-09-04,2.7233333333333332e-05
2022-09-05,4.089e-05
2022-09-06,1.1903333333333333e-05
2022-09-07,-3.1173333333333335e-05
2022-09-08,3.2046666666666666e-05
2022-09-09,7.104000000000001e-05
2022-09-10,9.921333333333333e-05
2022-09-11,7.942333333333334e-05
2022-09-12,9.415333333333334e-05
2022-09-13,9.988333333333333e-05
2022-09-14,-7.406666666666667e-06
2022-09-15,3.712333333333334e-05
2022-09-16,5.1076666666666665e-05
2022-09-17,2.942333333333333e-05
2022-09-18,5.9373333333333336e-05
2022-09-19,-1.7026666666666667e-05
2022-09-20,5.1296666666666666e-05
2022-09-21,3.131666666666667e-05
2022-09-22,-3.649e-05
2022-09-23,1.7373333333333332e-05
2022-09-24,3.3226666666666665e-05
2022-09-25,2.415e-05
2022-09-26,2.511e-05
2022-09-27,6.927333333333333e-05
2022-09-28,1.8006666666666665e-05
2022-09-29,6.669e-05
2022-09-30,0.0001
2022-10-01,6.734333333333334e-05
2022-10-02,5.1540000000000005e-05
2022-10-03,7.437333333333334e-05
2022-10-04,0.0001
2022-10-05,0.0001
2022-10-06,0.0001
2022-10-07,9.171e-05
2022-10-08,5.114666666666666e-05
2022-10-09,2.324333333333333e-05
2022-10-10,7.436666666666667e-05
2022-10-11,0.0001
2022-10-12,0.0001
2022-10-13,7.133999999999999e-05
2022-10-14,7.21e-05
2022-10-15,4.217333333333333e-05
2022-10-16,2.1966666666666668e-05
2022-10-17,3.876333333333333e-05
2022-10-18,0.0001
2022-10-19,9.199333333333333e-05
2022-10-20,6.038666666666667e-05
2022-10-21,2.767e-05
2022-10-22,3.9206666666666665e-05
2022-10-23,3.499e-05
2022-10-24,7.442666666666668e-05
2022-10-25,4.3933333333333335e-05
2022-10-26,4.676666666666667e-05
2022-10-27,-2.956666666666666e-06
2022-10-28,-1.0533333333333323e-06
2022-10-29,3.8146666666666665e-05
2022-10-30,1.944e-05
2022-10-31,1.637333333333333e-05
2022-11-01,3.1200000000000006e-06
2022-11-02,4.0119999999999995e-05
2022-11-03,3.353333333333333e-05
2022-11-04,4.1586666666666666e-05
2022-11-05,6.316666666666667e-05
2022-11-06,7.696333333333332e-05
2022-11-07,9.271000000000001e-05
2022-11-08,5.057666666666666e-05
2022-11-09,-0.00013185
2022-11-10,-0.00084986
2022-11-11,-0.00010843666666666666
2022-11-12,3.1383333333333335e-05
2022-11-13,-1.4026666666666667e-05
2022-11-14,-4.195333333333334e-05
2022-11-15,-8.771333333333333e-05
2022-11-16,-6.237333333333334e-05
2022-11-17,-4.1269999999999996e-05
2022-11-18,1.7233333333333337e-06
2022-11-19,4.094666666666667e-05
2022-11-20,5.98e-06
2022-11-21,2.994e-05
2022-11-22,8.096666666666667e-06
2022-11-23,6.338666666666667e-05
2022-11-24,4.568e-05
2022-11-25,1.2826666666666665e-05
2022-11-26,1.6423333333333333e-05
2022-11-27,5.936666666666664e-06
2022-11-28,9.533333333333334e-06
2022-11-29,2.8486666666666666e-05
2022-11-30,5.6510000000000006e-05
2022-12-01,2.0093333333333336e-05
2022-12-02,2.4249999999999997e-05
2022-12-03,6.141666666666666e-05
2022-12-04,5.7306666666666665e-05
2022-12-05,1.4633333333333324e-06
2022-12-06,2.8763333333333333e-05
2022-12-07,2.3509999999999997e-05
2022-12-08,1.1673333333333334e-05
2022-12-09,2.7943333333333334e-05
2022-12-10,-2.15e-06
2022-12-11,8.313333333333334e-06
2022-12-12,1.1246666666666667e-05
2022-12-13,4.991333333333333e-05
2022-12-14,0.0001
2022-12-15,8.393333333333333e-05
2022-12-16,2.8536666666666667e-05
2022-12-17,6.51e-05
2022-12-18,4.151666666666666e-05
2022-12-19,4.8190000000000004e-05
2022-12-20,3e-05
2022-12-21,6.367333333333335e-05
2022-12-22,6.094333333333333e-05
2022-12-23,9.634333333333334e-05
2022-12-24,6.99e-05
2022-12-25,1.812e-05
2022-12-26,3.7533333333333323e-06
2022-12-27,3.902666666666667e-05
2022-12-28,5.375666666666666e-05
2022-12-29,9.505666666666667e-05
2022-12-30,9.044000000000001e-05
2022-12-31,0.0001
2023-01-01,6.897e-05
2023-01-02,-1.0580000000000002e-05
2023-01-03,7.433e-05
2023-01-04,4.936e-05
2023-01-05,5.7056666666666665e-05
2023-01-06,6.945333333333333e-05
2023-01-07,4.393e-05
2023-01-08,7.703e-05
2023-01-09,2.0116666666666667e-05
2023-01-10,5.0770000000000003e-05
2023-01-11,1.6756666666666665e-05
2023-01-12,9.183e-05
2023-01-13,9.053333333333333e-05
2023-01-14,0.00021531000000000002
2023-01-15,0.00015345999999999998
2023-01-16,0.0001
2023-01-17,0.0001
2023-01-18,0.0001
2023-01-19,0.0001
2023-01-20,0.0001
2023-01-21,0.0001
2023-01-22,0.0001
2023-01-23,0.0001
2023-01-24,0.0001
2023-01-25,0.0001
2023-01-26,0.0001
2023-01-27,9.847000000000001e-05
2023-01-28,0.0001
2023-01-29,0.0001
2023-01-30,0.0001
2023-01-31,0.0001
2023-02-01,0.0001
2023-02-02,0.0001
2023-02-03,0.0001
2023-02-04,0.0001
2023-02-05,0.0001
2023-02-06,0.0001
2023-02-07,0.0001
2023-02-08,0.0001
2023-02-09,0.0001
2023-02-10,0.0001
2023-02-11,6.165666666666668e-05
2023-02-12,5.8710000000000005e-05
2023-02-13,6.132333333333333e-05
2023-02-14,9.629e-05
2023-02-15,4.692666666666667e-05
2023-02-16,0.00014390333333333331
2023-02-17,0.0001
2023-02-18,0.0001
2023-02-19,0.0001
2023-02-20,0.0001
2023-02-21,0.0001
2023-02-22,0.0001
2023-02-23,5.7123333333333336e-05
2023-02-24,5.1223333333333335e-05
2023-02-25,5.816666666666667e-06
2023-02-26,5.571e-05
2023-02-27,5.388666666666667e-05
2023-02-28,3.783e-05
2023-03-01,6.728333333333333e-05
2023-03-02,8.570000000000001e-05
2023-03-03,1.857e-05
2023-03-04,2.148666666666667e-05
2023-03-05,2.0413333333333333e-05
2023-03-06,4.9760000000000005e-05
2023-03-07,2.7263333333333334e-05
2023-03-08,5.577666666666667e-05
2023-03-09,0.0001
2023-03-10,-3.338666666666666e-05
2023-03-11,-7.576666666666667e-06
2023-03-12,1.798666666666667e-05
2023-03-13,8.670333333333335e-05
2023-03-14,0.00018284333333333332
2023-03-15,0.00018751
2023-03-16,0.0001
2023-03-17,7.770333333333335e-05
2023-03-18,0.0001
2023-03-19,0.0001
2023-03-20,9.693666666666668e-05
2023-03-21,3.221333333333334e-05
2023-03-22,1.8693333333333333e-05
2023-03-23,3.052666666666667e-05
2023-03-24,0.0001
2023-03-25,1.3566666666666667e-06
2023-03-26,1.2300000000000024e-06
2023-03-27,1.6393333333333334e-05
2023-03-28,2.4086666666666664e-05
2023-03-29,7.724333333333334e-05
2023-03-30,4.5826666666666666e-05
2023-03-31,4.5486666666666666e-05
2023-04-01,9.613333333333334e-05
2023-04-02,5.311333333333333e-05
2023-04-03,2.0689999999999997e-05
2023-04-04,-2.8806666666666666e-05
2023-04-05,5.514e-05
2023-04-06,6.883333333333332e-06
2023-04-07,1.953333333333334e-06
2023-04-08,1.3086666666666666e-05
2023-04-09,-2.6899999999999997e-06
2023-04-10,8.722333333333332e-05
2023-04-11,0.0001
2023-04-12,6.508000000000001e-05
2023-04-13,7.030666666666667e-05
2023-04-14,4.435666666666667e-05
2023-04-15,4.493333333333333e-05
2023-04-16,9.048e-05
2023-04-17,9.125333333333334e-05
2023-04-18,3.648333333333333e-05
2023-04-19,5.383333333333334e-05
2023-04-20,6.048333333333333e-05
2023-04-21,8.765666666666667e-05
2023-04-22,6.316e-05
2023-04-23,2.504333333333333e-05
2023-04-24,3.667666666666667e-05
2023-04-25,6.737666666666667e-05
2023-04-26,5.344e-05
2023-04-27,3.850666666666667e-05
2023-04-28,8.158666666666667e-05
2023-04-29,4.871333333333333e-05
2023-04-30,4.2369999999999996e-05
2023-05-01,-1.1230000000000004e-05
2023-05-02,2.769e-05
2023-05-03,6.568e-05
2023-05-04,8.102000000000001e-05
2023-05-05,7.396e-05
2023-05-06,0.0001
2023-05-07,4.804666666666667e-05
2023-05-08,1.6763333333333333e-05
2023-05-09,4.109666666666666e-05
2023-05-10,4.109666666666666e-05
2023-05-11,4.5763333333333336e-05
2023-05-12,3.453e-05
2023-05-13,3.2896666666666666e-05
2023-05-14,2.763666666666667e-05
2023-05-15,8.803333333333334e-06
2023-05-16,5.875e-05
2023-05-17,6.627333333333333e-05
2023-05-18,9.447333333333334e-05
2023-05-19,3.6683333333333335e-05
2023-05-20,2.3063333333333337e-05
2023-05-21,5.7029999999999994e-05
2023-05-22,2.6663333333333333e-05
2023-05-23,0.0001
2023-05-24,5.476333333333333e-05
2023-05-25,8.606666666666667e-05
2023-05-26,8.178666666666667e-05
2023-05-27,7.690666666666667e-05
2023-05-28,9.96e-05
2023-05-29,0.0001
2023-05-30,6.361333333333334e-05
2023-05-31,5.024333333333334e-05
2023-06-01,7.245666666666667e-05
2023-06-02,7.994e-05
2023-06-03,7.662e-05
2023-06-04,8.283333333333335e-05
2023-06-05,9.131333333333332e-05
2023-06-06,-1.9719999999999998e-05
2023-06-07,8.001666666666667e-05
2023-06-08,4.201666666666667e-05
2023-06-09,6.302666666666667e-05
2023-06-10,4.9909999999999995e-05
2023-06-11,4.5239999999999994e-05
2023-06-12,5.116333333333333e-05
2023-06-13,7.561e-05
2023-06-14,2.9383333333333334e-05
2023-06-15,3.205e-05
2023-06-16,1.6626666666666664e-05
2023-06-17,9.137e-05
2023-06-18,6.214666666666667e-05
2023-06-19,5.7090000000000004e-05
2023-06-20,4.35e-06
2023-06-21,6.282e-05
2023-06-22,9.745333333333334e-05
2023-06-23,0.0001
2023-06-24,0.0001
2023-06-25,0.0001
2023-06-26,0.0001
2023-06-27,0.0001
2023-06-28,7.966666666666667e-05
2023-06-29,8.624666666666668e-05
2023-06-30,0.0001
2023-07-01,0.0001
2023-07-02,0.0001
2023-07-03,0.0001
2023-07-04,0.0001
2023-07-05,0.0001
2023-07-06,6.404e-05
2023-07-07,1.4203333333333332e-05
2023-07-08,2.6913333333333335e-05
2023-07-09,6.227e-05
2023-07-10,1.8876666666666665e-05
2023-07-11,6.743e-05
2023-07-12,6.0566666666666664e-05
2023-07-13,1.838e-05
2023-07-14,0.0001
2023-07-15,-4.406666666666667e-06
2023-07-16,4.782666666666667e-05
2023-07-17,5.1080000000000006e-05
2023-07-18,6.0860000000000003e-05
2023-07-19,7.638000000000001e-05
2023-07-20,5.952e-05
2023-07-21,2.457e-05
2023-07-22,1.1053333333333333e-05
2023-07-23,7.426666666666666e-05
2023-07-24,8.112666666666668e-05
2023-07-25,8.026666666666666e-05
2023-07-26,8.406333333333333e-05
2023-07-27,3.2806666666666665e-05
2023-07-28,7.016e-05
2023-07-29,7.365666666666667e-05
2023-07-30,6.022666666666667e-05
2023-07-31,5.99e-05
2023-08-01,7.689333333333333e-05
2023-08-02,0.0001
2023-08-03,0.0001
2023-08-04,9.372e-05
2023-08-05,8.060333333333333e-05
2023-08-06,0.0001
2023-08-07,9.223e-05
2023-08-08,8.360000000000001e-05
2023-08-09,8.838e-05
2023-08-10,9.425666666666667e-05
2023-08-11,9.041000000000001e-05
2023-08-12,9.768333333333333e-05
2023-08-13,8.212333333333333e-05
2023-08-14,0.0001
2023-08-15,0.0001
2023-08-16,0.0001
2023-08-17,0.0001
2023-08-18,5.04e-05
2023-08-19,-1.9606666666666666e-05
2023-08-20,-2.542e-05
2023-08-21,-1.2e-05
2023-08-22,2.706666666666667e-06
2023-08-23,9.886666666666666e-06
2023-08-24,1.528e-05
2023-08-25,2.4536666666666665e-05
2023-08-26,3.75e-05
2023-08-27,1.7690000000000002e-05
2023-08-28,2.851e-05
2023-08-29,-2.1136666666666664e-05
2023-08-30,4.847666666666666e-05
2023-08-31,5.9576666666666675e-05
2023-09-01,4.935e-05
2023-09-02,1.639e-05
2023-09-03,2.6546666666666668e-05
2023-09-04,1.0333333333333333e-05
2023-09-05,1.798e-05
2023-09-06,3.6966666666666667e-06
2023-09-07,4.879e-05
2023-09-08,-9.013333333333332e-06
2023-09-09,-1.337e-05
2023-09-10,1.9433333333333332e-05
2023-09-11,1.1203333333333333e-05
2023-09-12,1.551e-05
2023-09-13,2.2336666666666666e-05
2023-09-14,-2.863333333333335e-06
2023-09-15,1.3863333333333333e-05
2023-09-16,-2.9540000000000002e-05
2023-09-17,8.96e-06
2023-09-18,-2.2343333333333333e-05
2023-09-19,-4.2000000000000004e-06
2023-09-20,-2.460666666666667e-05
2023-09-21,3.901e-05
2023-09-22,1.0359999999999997e-05
2023-09-23,2.8136666666666668e-05
2023-09-24,2.0719999999999995e-05
2023-09-25,4.0323333333333334e-05
2023-09-26,1.6699999999999982e-06
2023-09-27,5.1319999999999997e-05
2023-09-28,-1.8796666666666666e-05
2023-09-29,-1.995e-05
2023-09-30,1.344e-05
2023-10-01,-8.623333333333333e-06
2023-10-02,1.694e-05
2023-10-03,2.7796666666666668e-05
2023-10-04,3.124666666666667e-05
2023-10-05,-3.459e-05
2023-10-06,-9.396666666666666e-06
2023-10-07,2.3520000000000002e-05
2023-10-08,2.1503333333333335e-05
2023-10-09,5.115e-05
2023-10-10,4.263666666666667e-05
2023-10-11,6.855666666666667e-05
2023-10-12,6.655e-05
2023-10-13,2.2196666666666667e-05
2023-10-14,1.5906666666666665e-05
2023-10-15,1.669e-05
2023-10-16,3.394333333333334e-05
2023-10-17,-2.0466666666666673e-06
2023-10-18,-9.716666666666666e-06
2023-10-19,-4.2193333333333335e-05
2023-10-20,-1.5490000000000002e-05
2023-10-21,2.872e-05
2023-10-22,2.7536666666666667e-05
2023-10-23,6.162666666666666e-05
2023-10-24,0.0001
2023-10-25,0.0001
2023-10-26,0.0001
2023-10-27,0.0001
2023-10-28,0.0001
2023-10-29,0.0001
2023-10-30,0.0001
2023-10-31,0.0001
2023-11-01,0.0001
2023-11-02,0.0001
2023-11-03,0.0001
2023-11-04,0.0001
2023-11-05,0.0001
2023-11-06,0.0001
2023-11-07,0.0001
2023-11-08,0.0001
2023-11-09,0.00013342333333333332
2023-11-10,0.00010560666666666666
2023-11-11,0.00013751666666666666
2023-11-12,0.00022046000000000001
2023-11-13,0.00021284000000000003
2023-11-14,0.00016076
2023-11-15,0.0001
2023-11-16,0.00012404333333333335
2023-11-17,0.0001
2023-11-18,0.0001
2023-11-19,0.0001
2023-11-20,0.0001
2023-11-21,0.0001
2023-11-22,0.0001
2023-11-23,0.0001
2023-11-24,0.0001
2023-11-25,0.0001
2023-11-26,0.0001
2023-11-27,0.0001
2023-11-28,0.0001
2023-11-29,0.0001
2023-11-30,0.0001
2023-12-01,0.0001
2023-12-02,8.488e-05
2023-12-03,0.0001
2023-12-04,0.0001
2023-12-05,0.0001
2023-12-06,0.0001
2023-12-07,0.0001
2023-12-08,0.00017843333333333335
2023-12-09,0.00019618333333333332
2023-12-10,0.00021676666666666669
2023-12-11,0.00011576666666666668
2023-12-12,0.0001
2023-12-13,0.00011557333333333333
2023-12-14,0.0001
2023-12-15,0.0001
2023-12-16,0.0001
2023-12-17,0.0001
2023-12-18,0.00012988666666666668
2023-12-19,0.0001
2023-12-20,0.00014714333333333332
2023-12-21,0.0002843566666666667
2023-12-22,0.0002614233333333333
2023-12-23,0.00013783666666666668
2023-12-24,0.00016839666666666666
2023-12-25,0.00019302666666666667
2023-12-26,0.0003223566666666667
2023-12-27,0.00032622333333333337
2023-12-28,0.00033684
2023-12-29,0.0005072133333333333
2023-12-30,0.0003815166666666667
2023-12-31,0.0003200833333333333
2024-01-01,0.00032741
2024-01-02,0.00051585
2024-01-03,0.00016094000000000001
2024-01-04,0.0001
2024-01-05,0.0001
2024-01-06,0.0001
2024-01-07,0.0001
2024-01-08,0.0001
2024-01-09,0.0001
2024-01-10,0.0001
2024-01-11,0.0001
2024-01-12,0.0001
2024-01-13,0.0001
2024-01-14,0.0001
2024-01-15,0.0001
2024-01-16,0.0001
2024-01-17,0.0001
2024-01-18,0.0001
2024-01-19,0.0001
2024-01-20,0.0001
2024-01-21,0.0001
2024-01-22,0.0001
2024-01-23,0.0001
2024-01-24,0.0001
2024-01-25,0.0001
2024-01-26,0.0001
2024-01-27,9.088666666666666e-05
2024-01-28,8.241666666666667e-05
2024-01-29,9.714000000000001e-05
2024-01-30,8.213666666666667e-05
2024-01-31,7.384666666666667e-05
2024-02-01,0.0001
2024-02-02,0.0001
2024-02-03,8.232333333333334e-05
2024-02-04,9.051000000000001e-05
2024-02-05,0.0001
2024-02-06,8.907666666666668e-05
2024-02-07,7.068666666666666e-05
2024-02-08,6.375e-05
2024-02-09,7.653666666666667e-05
2024-02-10,9.347000000000001e-05
2024-02-11,0.0001
2024-02-12,0.0001
2024-02-13,0.0001
2024-02-14,0.00010761
2024-02-15,0.0001
2024-02-16,0.0001
2024-02-17,0.00012013666666666667
2024-02-18,0.00016546666666666669
2024-02-19,0.00018661666666666666
2024-02-20,0.00013877333333333331
2024-02-21,0.00010414
2024-02-22,0.00012012333333333334
2024-02-23,0.00010996999999999999
2024-02-24,0.0001
2024-02-25,0.00013837333333333333
2024-02-26,0.00025185
2024-02-27,0.00042916000000000004
2024-02-28,0.0003464966666666667
2024-02-29,0.0006748633333333332
2024-03-01,0.0005471866666666667
2024-03-02,0.0004899866666666667
2024-03-03,0.00044618
2024-03-04,0.0005517466666666667
2024-03-05,0.00073359
2024-03-06,0.00039836666666666663
2024-03-07,0.0004183733333333333
2024-03-08,0.00047076333333333334
2024-03-09,0.0002560733333333333
2024-03-10,0.0004964666666666667
2024-03-11,0.0006010433333333334
2024-03-12,0.0004590166666666667
2024-03-13,0.00047682
2024-03-14,0.0003380133333333333
2024-03-15,0.00022716333333333333
2024-03-16,0.00018004999999999999
2024-03-17,0.00018563
2024-03-18,0.00025990999999999997
2024-03-19,0.00026668666666666667
2024-03-20,0.00014745
2024-03-21,0.00016405666666666666
2024-03-22,0.00012754666666666667
2024-03-23,0.00010268666666666668
2024-03-24,0.00013617
2024-03-25,0.00023562666666666668
2024-03-26,0.00022358333333333334
2024-03-27,0.00033979666666666665
2024-03-28,0.00027841333333333335
2024-03-29,0.0002462533333333333
2024-03-30,0.0002875033333333333
2024-03-31,0.0003751366666666666
2024-04-01,0.00043706999999999996
2024-04-02,0.00012460666666666667
2024-04-03,0.0001
2024-04-04,0.0001
2024-04-05,0.0001
2024-04-06,0.0001
2024-04-07,0.0001
2024-04-08,0.00018396333333333333
2024-04-09,0.00020192999999999999
2024-04-10,0.00011462000000000001
2024-04-11,0.00017964999999999998
2024-04-12,0.00016367333333333332
2024-04-13,0.0001
2024-04-14,0.0001
2024-04-15,7.253e-05
2024-04-16,6.330333333333333e-05
2024-04-17,5.494333333333333e-05
2024-04-18,3.195e-05
2024-04-19,3.133666666666667e-05
2024-04-20,4.479333333333333e-05
2024-04-21,3.1213333333333335e-05
2024-04-22,2.6013333333333334e-05
2024-04-23,9.736666666666668e-06
2024-04-24,4.587333333333333e-05
2024-04-25,4.076333333333333e-05
2024-04-26,2.652e-05
2024-04-27,6.768e-05
2024-04-28,5.6900000000000014e-06
2024-04-29,4.948e-05
2024-04-30,9.631333333333333e-05
2024-05-01,9.616000000000001e-05
2024-05-02,4.2266666666666666e-05
2024-05-03,9.259999999999998e-06
2024-05-04,5.474333333333334e-05
2024-05-05,3.815333333333334e-05
2024-05-06,2.439e-05
2024-05-07,5.5576666666666666e-05
2024-05-08,6.578666666666666e-05
2024-05-09,5.405333333333333e-05
2024-05-10,4.8710000000000006e-05
2024-05-11,5.9063333333333334e-05
2024-05-12,5.144666666666666e-05
2024-05-13,9.206666666666666e-05
2024-05-14,8.086e-05
2024-05-15,3.996e-05
2024-05-16,3.598e-05
2024-05-17,1.7213333333333333e-05
2024-05-18,2.6159999999999997e-05
2024-05-19,4.4426666666666666e-05
2024-05-20,3.5459999999999996e-05
2024-05-21,0.00010172333333333334
2024-05-22,0.00011919666666666666
2024-05-23,0.0001
2024-05-24,0.0001
2024-05-25,0.0001
2024-05-26,0.0001
2024-05-27,0.0001
2024-05-28,0.0001
2024-05-29,0.00010852666666666667
2024-05-30,0.0001
2024-05-31,0.00012289
2024-06-01,0.00010083333333333335
2024-06-02,0.0001
2024-06-03,0.00011378333333333333
2024-06-04,0.00010669333333333335
2024-06-05,0.00013204333333333333
2024-06-06,0.00010735999999999999
2024-06-07,0.00010055333333333335
2024-06-08,0.0001
2024-06-09,0.0001
2024-06-10,0.0001
2024-06-11,0.0001
2024-06-12,0.0001
2024-06-13,0.0001
2024-06-14,0.0001
2024-06-15,0.0001
2024-06-16,0.0001
2024-06-17,0.0001
2024-06-18,9.412e-05
2024-06-19,5.698000000000001e-05
2024-06-20,5.588666666666667e-05
2024-06-21,6.890666666666668e-05
2024-06-22,8.048666666666667e-05
2024-06-23,5.6609999999999995e-05
2024-06-24,9.007333333333334e-05
2024-06-25,7.049333333333334e-05
2024-06-26,0.0001
2024-06-27,0.0001
2024-06-28,0.0001
2024-06-29,0.0001
2024-06-30,0.0001
2024-07-01,0.0001
2024-07-02,0.0001
2024-07-03,0.0001
2024-07-04,0.0001
2024-07-05,7.254000000000001e-05
2024-07-06,5.497e-05
2024-07-07,9.388e-05
2024-07-08,8.709e-05
2024-07-09,6.953666666666667e-05
2024-07-10,8.236666666666666e-05
2024-07-11,0.0001
2024-07-12,4.480333333333334e-05
2024-07-13,8.394666666666668e-05
2024-07-14,6.929666666666666e-05
2024-07-15,2.426e-05
2024-07-16,2.1563333333333334e-05
2024-07-17,1.6633333333333326e-06
2024-07-18,1.7873333333333334e-05
2024-07-19,4.4966666666666664e-05
2024-07-20,1.6300000000000007e-06
2024-07-21,-8.243333333333335e-06
2024-07-22,5.9526666666666674e-05
2024-07-23,4.553666666666667e-05
2024-07-24,0.0001
2024-07-25,0.0001
2024-07-26,7.780000000000001e-05
2024-07-27,7.892666666666666e-05
2024-07-28,6.720333333333333e-05
2024-07-29,7.994666666666666e-05
2024-07-30,4.883e-05
2024-07-31,4.689e-05
2024-08-01,9.402666666666667e-05
2024-08-02,0.0001
2024-08-03,8.011666666666667e-05
2024-08-04,8.447666666666668e-05
2024-08-05,6.798666666666666e-05
2024-08-06,1.7353333333333332e-05
2024-08-07,-1.4493333333333334e-05
2024-08-08,2.29e-05
2024-08-09,4.008e-05
2024-08-10,-2.4233333333333334e-05
2024-08-11,1.1316666666666666e-05
2024-08-12,2.5526666666666667e-05
2024-08-13,9.196666666666666e-06
2024-08-14,-2.6629999999999997e-05
2024-08-15,-2.776666666666667e-05
2024-08-16,-6.392999999999999e-05
2024-08-17,1.9790000000000002e-05
2024-08-18,-1.6866666666666652e-06
2024-08-19,-4.1076666666666666e-05
2024-08-20,3.7333333333333313e-07
2024-08-21,-2.317e-05
2024-08-22,-2.717333333333333e-05
2024-08-23,-1.7516666666666668e-05
2024-08-24,1.633333333333333e-05
2024-08-25,-1.0763333333333332e-05
2024-08-26,3.225333333333333e-05
2024-08-27,4.099666666666667e-05
2024-08-28,-1.0756666666666666e-05
2024-08-29,-6.87e-06
2024-08-30,2.4803333333333334e-05
2024-08-31,1.8763333333333334e-05
2024-09-01,9.966666666666682e-07
2024-09-02,-1.167e-05
2024-09-03,5.322e-05
2024-09-04,5.9633333333333336e-06
2024-09-05,4.510333333333333e-05
2024-09-06,1.2356666666666665e-05
2024-09-07,-5.142333333333334e-05
2024-09-08,-2.4996666666666667e-05
2024-09-09,-6.189333333333333e-05
2024-09-10,-3.361333333333333e-05
2024-09-11,-5.4706666666666676e-05
2024-09-12,-1.8156666666666665e-05
2024-09-13,-1.127e-05
2024-09-14,-1.838e-05
2024-09-15,-2.9333333333333337e-07
2024-09-16,4.242666666666667e-05
2024-09-17,5.2556666666666664e-05
2024-09-18,2.5566666666666664e-05
2024-09-19,3.511e-05
2024-09-20,4.3683333333333336e-05
2024-09-21,7.624e-05
2024-09-22,7.025333333333333e-05
2024-09-23,4.4046666666666666e-05
2024-09-24,1.679e-05
2024-09-25,1.2333333333333333e-05
2024-09-26,5.965333333333333e-05
2024-09-27,6.332333333333334e-05
2024-09-28,5.056333333333334e-05
2024-09-29,3.702e-05
2024-09-30,7.005333333333334e-05
2024-10-01,0.0001
2024-10-02,7.744e-05
2024-10-03,4.3723333333333335e-05
2024-10-04,3.153e-05
2024-10-05,1.1766666666666667e-06
2024-10-06,2.68e-05
2024-10-07,1.9326666666666666e-05
2024-10-08,4.505333333333333e-05
2024-10-09,7.692333333333333e-05
2024-10-10,4.540666666666667e-05
2024-10-11,1.5900000000000007e-06
2024-10-12,3.5776666666666666e-05
2024-10-13,2.0896666666666666e-05
2024-10-14,8.476333333333334e-05
2024-10-15,0.0001
2024-10-16,8.941666666666668e-05
2024-10-17,0.0001
2024-10-18,0.0001
2024-10-19,0.0001
2024-10-20,0.0001
2024-10-21,0.0001
2024-10-22,0.0001
2024-10-23,0.0001
2024-10-24,0.0001
2024-10-25,0.0001
2024-10-26,7.441333333333333e-05
2024-10-27,9.908e-05
2024-10-28,9.457e-05
2024-10-29,0.0001
2024-10-30,0.0001
2024-10-31,0.0001
2024-11-01,0.0001
2024-11-02,0.0001
2024-11-03,0.0001
2024-11-04,0.0001
2024-11-05,0.0001
2024-11-06,0.0001
2024-11-07,0.0001
2024-11-08,0.0001
2024-11-09,0.0001
2024-11-10,0.00016571999999999998
2024-11-11,0.00018959333333333332
2024-11-12,0.00043874666666666664
2024-11-13,0.00014985666666666666
2024-11-14,0.0001
2024-11-15,0.00010325666666666667
2024-11-16,0.00011077000000000001
2024-11-17,0.00012114000000000001
2024-11-18,0.0002258933333333333
2024-11-19,0.00023260333333333333
2024-11-20,0.0001
2024-11-21,0.0001
2024-11-22,0.0001
2024-11-23,0.0001
2024-11-24,0.00016458666666666665
2024-11-25,0.00018756
2024-11-26,0.00023145666666666664
2024-11-27,0.00019333333333333333
2024-11-28,0.00012061666666666667
2024-11-29,0.00018095666666666666
2024-11-30,0.00012657333333333334
2024-12-01,0.00015160666666666668
2024-12-02,0.00021223
2024-12-03,0.00016552333333333334
2024-12-04,0.00025373999999999997
2024-12-05,0.0004904333333333333
2024-12-06,0.00011544666666666666
2024-12-07,0.00019478666666666668
2024-12-08,0.00017045666666666668
2024-12-09,0.00020853333333333335
2024-12-10,0.0001
2024-12-11,0.0001
2024-12-12,0.0001
2024-12-13,0.0001
2024-12-14,8.916666666666666e-05
2024-12-15,9.398e-05
2024-12-16,9.727e-05
2024-12-17,9.288666666666667e-05
2024-12-18,9.719666666666666e-05
2024-12-19,0.0001
2024-12-20,0.0001
2024-12-21,7.068666666666668e-05
2024-12-22,9.876333333333334e-05
2024-12-23,9.660333333333333e-05
2024-12-24,0.0001
2024-12-25,0.0001
2024-12-26,8.621666666666667e-05
2024-12-27,0.0001
2024-12-28,7.604e-05
2024-12-29,9.337666666666668e-05
2024-12-30,6.249666666666667e-05
2024-12-31,0.0001
2025-01-01,0.0001
2025-01-02,0.0001
2025-01-03,8.414e-05
2025-01-04,6.165666666666668e-05
2025-01-05,9.44e-05
2025-01-06,0.0001
2025-01-07,9.060666666666666e-05
2025-01-08,0.0001
2025-01-09,6.43e-05
2025-01-10,3.661333333333333e-05
2025-01-11,4.1143333333333336e-05
2025-01-12,4.955333333333333e-05
2025-01-13,4.3786666666666665e-05
2025-01-14,9.832000000000001e-05
2025-01-15,6.542666666666667e-05
2025-01-16,4.298e-05
2025-01-17,5.8049999999999995e-05
2025-01-18,8.902333333333334e-05
2025-01-19,0.0001
2025-01-20,0.0001
2025-01-21,0.0001
2025-01-22,0.0001
2025-01-23,9.09e-05
2025-01-24,5.8036666666666666e-05
2025-01-25,7.326333333333333e-05
2025-01-26,8.935333333333333e-05
2025-01-27,4.298e-05
2025-01-28,7.854e-05
2025-01-29,9.983000000000001e-05
2025-01-30,9.029666666666666e-05
2025-01-31,7.075e-05
2025-02-01,6.478333333333334e-05
2025-02-02,2.7810000000000003e-05
2025-02-03,8.281666666666667e-05
2025-02-04,4.516666666666666e-05
2025-02-05,1.9743333333333335e-05
2025-02-06,2.6170000000000002e-05
2025-02-07,6.713e-05
2025-02-08,-8.796666666666667e-06
2025-02-09,5.437333333333333e-05
2025-02-10,6.145e-05
2025-02-11,2.9540000000000002e-05
2025-02-12,3.7189999999999995e-05
2025-02-13,4.974e-05
2025-02-14,5.567666666666667e-05
2025-02-15,2.3623333333333335e-05
2025-02-16,2.457e-05
2025-02-17,4.881666666666667e-05
2025-02-18,9.829333333333334e-05
2025-02-19,7.915333333333333e-05
2025-02-20,4.345e-05
2025-02-21,7.706666666666667e-06
2025-02-22,6.261333333333333e-05
2025-02-23,2.91e-05
2025-02-24,1.9869999999999998e-05
2025-02-25,5.543333333333334e-05
2025-02-26,6.508666666666666e-05
2025-02-27,6.040333333333334e-05
2025-02-28,6.197333333333333e-05
2025-03-01,-2.326666666666667e-05
2025-03-02,-2.248666666666667e-05
2025-03-03,1.8166666666666656e-06
2025-03-04,-1.6333333333333329e-06
2025-03-05,3.954333333333333e-05
2025-03-06,5.589666666666667e-05
2025-03-07,-4.1000000000000004e-07
2025-03-08,2.303e-05
2025-03-09,3.479666666666667e-05
2025-03-10,3.111e-05
2025-03-11,5.570333333333333e-05
2025-03-12,3.467999999999999e-05
2025-03-13,1.8963333333333335e-05
2025-03-14,3.691333333333333e-05
2025-03-15,-2.915e-05
2025-03-16,1.9716666666666667e-05
2025-03-17,3.4660000000000004e-05
2025-03-18,2.092e-05
2025-03-19,3.7283333333333336e-05
2025-03-20,2.2733333333333335e-05
2025-03-21,3.152333333333333e-05
2025-03-22,2.0526666666666668e-05
2025-03-23,1.9783333333333334e-05
2025-03-24,1.3763333333333333e-05
2025-03-25,-9.576666666666666e-06
2025-03-26,-1.471e-05
2025-03-27,1.6293333333333332e-05
2025-03-28,3.081666666666667e-05
2025-03-29,5.369333333333333e-05
2025-03-30,1.7853333333333334e-05
2025-03-31,3.502666666666667e-05
2025-04-01,3.474333333333333e-05
2025-04-02,5.523333333333333e-06
2025-04-03,5.7946666666666665e-05
2025-04-04,5.685666666666666e-05
2025-04-05,5.467999999999999e-05
2025-04-06,1.6603333333333334e-05
2025-04-07,5.600333333333334e-05
2025-04-08,3.594333333333333e-05
2025-04-09,4.7239999999999995e-05
2025-04-10,4.864666666666667e-05
2025-04-11,3.5366666666666674e-06
2025-04-12,4.894e-05
2025-04-13,7.709333333333334e-05
2025-04-14,5.8893333333333334e-05
2025-04-15,2.138666666666667e-05
2025-04-16,3.7743333333333335e-05
2025-04-17,3.502666666666666e-05
2025-04-18,3.951333333333333e-05
2025-04-19,2.3336666666666666e-05
2025-04-20,-1.2113333333333333e-05
2025-04-21,4.062666666666667e-05
2025-04-22,-1.3333333333333207e-07
2025-04-23,1.5240000000000001e-05
2025-04-24,1.246666666666666e-06
2025-04-25,-4.9133333333333334e-06
2025-04-26,-3.3346666666666664e-05
2025-04-27,-8.603333333333335e-06
2025-04-28,-1.734e-05
2025-04-29,3.15e-06
2025-04-30,-2.013e-05
2025-05-01,4.153333333333333e-06
2025-05-02,-0.00010101000000000001
2025-05-03,-1.4126666666666666e-05
2025-05-04,2.448e-05
2025-05-05,-3.383333333333334e-06
2025-05-06,2.391666666666667e-05
2025-05-07,8.376666666666667e-06
2025-05-08,4.2180000000000006e-05
2025-05-09,8.126e-05
2025-05-10,7.971333333333333e-05
2025-05-11,8.05e-05
2025-05-12,5.585e-05
2025-05-13,8.034333333333333e-05
2025-05-14,6.879333333333332e-05
2025-05-15,3.251e-05
2025-05-16,5.6023333333333336e-05
2025-05-17,2.2526666666666666e-05
2025-05-18,7.548333333333333e-05
2025-05-19,4.713333333333333e-05
2025-05-20,5.583666666666667e-05
2025-05-21,7.011e-05
2025-05-22,0.0001
2025-05-23,8.398666666666666e-05
2025-05-24,5.317e-05
2025-05-25,6.186e-05
2025-05-26,9.037666666666667e-05
2025-05-27,5.797333333333333e-05
2025-05-28,3.597333333333333e-05
2025-05-29,4.792333333333333e-05
2025-05-30,4.621e-05
2025-05-31,6.915e-05
2025-06-01,1.9566666666666667e-05
2025-06-02,3.139333333333333e-05
2025-06-03,5.1756666666666665e-05
2025-06-04,1.1873333333333334e-05
2025-06-05,2.7003333333333333e-05
2025-06-06,-3.172e-05
2025-06-07,-1.918e-05
2025-06-08,2.2730000000000004e-05
2025-06-09,1.639e-05
2025-06-10,8.179666666666667e-05
2025-06-11,7.402666666666667e-05
2025-06-12,3.4336666666666666e-05
2025-06-13,5.953333333333333e-06
2025-06-14,2.317e-05
2025-06-15,1.722333333333333e-05
2025-06-16,2.9330000000000002e-05
2025-06-17,3.278e-05
2025-06-18,2.8783333333333333e-05
2025-06-19,1.2856666666666668e-05
2025-06-20,4.609000000000001e-05
2025-06-21,4.45e-05
2025-06-22,5.676e-05
2025-06-23,3.3966666666666675e-06
2025-06-24,9.7e-06
2025-06-25,1.7833333333333338e-06
2025-06-26,1.542666666666667e-05
2025-06-27,2.1110000000000003e-05
2025-06-28,3.108666666666667e-05
2025-06-29,5.5366666666666666e-05
2025-06-30,2.988666666666667e-05
2025-07-01,2.1653333333333335e-05
2025-07-02,3.113333333333333e-05
2025-07-03,4.487e-05
2025-07-04,4.0119999999999995e-05
2025-07-05,2.7086666666666663e-05
2025-07-06,1.5446666666666666e-05
2025-07-07,3.356333333333334e-05
2025-07-08,3.079e-05
2025-07-09,3.5806666666666664e-05
2025-07-10,6.810333333333333e-05
2025-07-11,0.0001
2025-07-12,0.0001
2025-07-13,0.0001
2025-07-14,9.350333333333332e-05
2025-07-15,0.0001
2025-07-16,0.0001
2025-07-17,0.0001
2025-07-18,0.0001
2025-07-19,0.0001
2025-07-20,0.0001
2025-07-21,0.0001
2025-07-22,0.0001
2025-07-23,0.0001
2025-07-24,0.0001
2025-07-25,0.0001
2025-07-26,0.0001
2025-07-27,0.0001
2025-07-28,0.0001
2025-07-29,0.0001
2025-07-30,0.0001
2025-07-31,8.564666666666667e-05
2025-08-01,1.9406666666666665e-05
2025-08-02,3.380333333333333e-05
2025-08-03,5.89e-05
2025-08-04,4.606333333333334e-05
2025-08-05,6.824666666666668e-05
2025-08-06,7.578333333333334e-05
2025-08-07,6.230666666666666e-05
2025-08-08,4.035e-05
2025-08-09,7.691000000000001e-05
2025-08-10,9.949666666666667e-05
2025-08-11,0.0001
2025-08-12,8.843666666666666e-05
2025-08-13,9.041000000000001e-05
2025-08-14,0.0001
2025-08-15,4.5503333333333335e-05
2025-08-16,8.713666666666667e-05
2025-08-17,4.916e-05
2025-08-18,2.4866666666666667e-05
2025-08-19,5.5219999999999996e-05
2025-08-20,3.614333333333333e-05
2025-08-21,5.4380000000000005e-05
2025-08-22,7.721e-05
2025-08-23,9.903666666666667e-05
2025-08-24,0.0001
2025-08-25,9.448000000000002e-05
2025-08-26,6.140666666666667e-05
2025-08-27,3.600333333333333e-05
2025-08-28,7.500666666666666e-05
2025-08-29,3.587e-05
2025-08-30,7.848000000000001e-05
2025-08-31,4.5056666666666665e-05
2025-09-01,6.541e-05
2025-09-02,7.369e-05
2025-09-03,2.746e-05
2025-09-04,4.7113333333333335e-05
2025-09-05,8.468000000000001e-05
2025-09-06,4.022333333333333e-05
2025-09-07,4.183333333333334e-05
2025-09-08,7.799e-05
2025-09-09,7.933e-05
2025-09-10,6.943666666666667e-05
2025-09-11,4.4840000000000004e-05
2025-09-12,5.598666666666667e-05
2025-09-13,1.2780000000000001e-05
2025-09-14,5.359e-05
2025-09-15,7.551666666666667e-05
2025-09-16,4.82e-05
2025-09-17,7.238666666666666e-05
2025-09-18,6.025666666666666e-05
2025-09-19,2.3806666666666663e-05
2025-09-20,9.08e-06
2025-09-21,3.2766666666666652e-06
2025-09-22,4.415333333333333e-05
2025-09-23,7.207666666666666e-05
2025-09-24,5.649e-05
2025-09-25,3.69e-05
2025-09-26,5.0730000000000004e-05
2025-09-27,3.745333333333333e-05
2025-09-28,4.5169999999999996e-05
2025-09-29,1.2159999999999999e-05
2025-09-30,3.61e-05
2025-10-01,5.6040000000000006e-05
2025-10-02,9.109e-05
2025-10-03,9.975333333333333e-05
2025-10-04,9.437333333333333e-05
2025-10-05,9.404666666666667e-05
2025-10-06,7.737e-05
2025-10-07,8.267333333333333e-05
2025-10-08,5.9793333333333336e-05
2025-10-09,2.716333333333333e-05
2025-10-10,1.8923333333333332e-05
2025-10-11,6.822333333333333e-05
2025-10-12,-3.701666666666666e-05
2025-10-13,-1.2426666666666666e-05
2025-10-14,-2.609e-05
2025-10-15,-4.089999999999999e-06
2025-10-16,-2.6583333333333333e-05
2025-10-17,-4.033333333333333e-06
2025-10-18,-4.958666666666667e-05
2025-10-19,9.626666666666665e-06
2025-10-20,-9.600000000000001e-06
2025-10-21,-1.9503333333333334e-05
2025-10-22,1.3116666666666664e-05
2025-10-23,5.172333333333333e-05
2025-10-24,2.7993333333333335e-05
2025-10-25,4.024666666666667e-05
2025-10-26,3.1140000000000003e-05
2025-10-27,9.101333333333334e-05
2025-10-28,5.6189999999999996e-05
2025-10-29,2.853e-05
2025-10-30,2.7026666666666667e-05
2025-10-31,6.737666666666667e-05
2025-11-01,9.927333333333334e-05
2025-11-02,7.328333333333333e-05
2025-11-03,6.0933333333333335e-05
2025-11-04,7.382333333333334e-05
2025-11-05,4.2596666666666665e-05
2025-11-06,5.465e-05
2025-11-07,5.854333333333333e-05
2025-11-08,4.854333333333333e-05
2025-11-09,3.8316666666666665e-05
2025-11-10,7.068000000000001e-05
2025-11-11,1.9553333333333335e-05
2025-11-12,2.9783333333333333e-05
2025-11-13,5.959000000000001e-05
2025-11-14,8.924333333333333e-05
2025-11-15,8.143333333333334e-05
2025-11-16,8.268333333333333e-05
2025-11-17,8.925333333333334e-05
2025-11-18,7.908333333333334e-05
2025-11-19,5.496e-05
2025-11-20,7.752666666666667e-05
2025-11-21,3.812666666666667e-05
2025-11-22,4.3883333333333334e-05
2025-11-23,1.0240000000000002e-05
2025-11-24,1.6346666666666667e-05
2025-11-25,-2.1043333333333332e-05
2025-11-26,3.002333333333333e-05
2025-11-27,1.4776666666666665e-05
2025-11-28,2.025e-05
2025-11-29,8.103333333333333e-06
2025-11-30,4.506e-05
2025-12-01,2.7456666666666667e-05
2025-12-02,1.8776666666666666e-05
2025-12-03,5.296666666666666e-06
2025-12-04,3.6559999999999996e-05
2025-12-05,3.3906666666666665e-05
2025-12-06,1.2633333333333333e-05
2025-12-07,3.69e-05
2025-12-08,3.133666666666667e-05
2025-12-09,4.224666666666666e-05
2025-12-10,2.6593333333333332e-05
2025-12-11,2.371e-05
2025-12-12,4.998333333333334e-05
2025-12-13,4.0606666666666665e-05
2025-12-14,5.5570000000000005e-05
2025-12-15,7.926666666666666e-06
2025-12-16,4.3020000000000005e-05
2025-12-17,7.041666666666667e-05
2025-12-18,4.5726666666666664e-05
2025-12-19,8.497000000000001e-05
2025-12-20,6.135e-05
2025-12-21,7.510666666666666e-05
2025-12-22,5.189e-05
2025-12-23,3.219666666666666e-05
2025-12-24,8.127333333333334e-05
2025-12-25,7.409333333333333e-05
2025-12-26,6.601666666666667e-05
2025-12-27,3.4823333333333336e-05
2025-12-28,5.7943333333333325e-05
2025-12-29,8.275333333333335e-05
2025-12-30,7.652666666666667e-05
2025-12-31,2.7083333333333332e-05
2026-01-01,7.237e-05
2026-01-02,4.88e-05
2026-01-03,3.701e-05
2026-01-04,6.578999999999999e-05
2026-01-05,7.282000000000001e-05
2026-01-06,1.377e-05
2026-01-07,6.489e-05
2026-01-08,8.376333333333332e-05
2026-01-09,1.5543333333333334e-05
2026-01-10,6.511666666666667e-05
2026-01-11,5.027e-05
2026-01-12,3.121666666666667e-05
2026-01-13,5.176e-05
2026-01-14,2.2340000000000003e-05
2026-01-15,9.693333333333333e-06
2026-01-16,5.7239999999999994e-05
2026-01-17,1.935e-05
2026-01-18,6.563333333333333e-05
2026-01-19,2.6366666666666666e-05
2026-01-20,7.365666666666667e-05
2026-01-21,6.155e-05
2026-01-22,6.961333333333333e-05
2026-01-23,5.149333333333333e-05
2026-01-24,4.780333333333334e-05
2026-01-25,4.768e-05
2026-01-26,4.1733333333333336e-05
2026-01-27,5.932666666666667e-05
2026-01-28,5.413666666666667e-05
2026-01-29,5.696333333333334e-05
2026-01-30,2.167333333333333e-05
2026-01-31,6.608666666666666e-05
2026-02-01,6.253333333333334e-06
2026-02-02,-2.8959999999999997e-05
2026-02-03,-1.4100000000000003e-06
2026-02-04,2.7626666666666664e-05
2026-02-05,1.5046666666666668e-05
2026-02-06,-9.587666666666666e-05
2026-02-07,-8.803666666666665e-05
2026-02-08,-3.937666666666667e-05
2026-02-09,-1.837666666666667e-05
2026-02-10,-7.481e-05
2026-02-11,-2.7286666666666667e-05
2026-02-12,1.300000000000001e-06
2026-02-13,1.758666666666667e-05
2026-02-14,4.569999999999999e-06
2026-02-15,4.083333333333333e-06
2026-02-16,-1.5766666666666666e-05
2026-02-17,4.544e-05
2026-02-18,2.2260000000000004e-05
2026-02-19,-1.4599999999999997e-05
2026-02-20,1.9986666666666666e-05
2026-02-21,3.392e-05
2026-02-22,1.9146666666666667e-05
2026-02-23,-4.0000000000000067e-07
2026-02-24,1.4436666666666665e-05
2026-02-25,4.800000000000001e-06
2026-02-26,2.9366666666666685e-06
2026-02-27,-3.2566666666666674e-05
2026-02-28,-1.3303333333333334e-05
2026-03-01,2.2743333333333333e-05
2026-03-02,-1.1126666666666665e-05
2026-03-03,9.106666666666667e-06
2026-03-04,6.043333333333331e-06
2026-03-05,2.902e-05
2026-03-06,-1.1826666666666666e-05
2026-03-07,-2.4333333333333157e-07
2026-03-08,-2.8263333333333334e-05
2026-03-09,-4.593333333333333e-05
2026-03-10,1.913333333333333e-06
2026-03-11,-7.376e-05
2026-03-12,-6.858333333333332e-05
2026-03-13,2.786666666666666e-06
2026-03-14,-3.0726666666666665e-05
2026-03-15,-1.8950000000000003e-05
2026-03-16,3.889e-05
2026-03-17,-1.1746666666666667e-05
2026-03-18,-2.9880000000000002e-05
2026-03-19,-9.27e-06
2026-03-20,3.8499999999999996e-06
2026-03-21,-3.793333333333333e-06
2026-03-22,-3.485333333333333e-05
2026-03-23,-1.594e-05
2026-03-24,3.653333333333334e-05
2026-03-25,2.7016666666666665e-05
2026-03-26,5.746666666666666e-06
2026-03-27,-3.071333333333333e-05
2026-03-28,-5.2883333333333336e-05
2026-03-29,-3.3833333333333333e-06
2026-03-30,5.166666666666667e-06
2026-03-31,-1.5226666666666668e-05
2026-04-01,-1.1109999999999999e-05
2026-04-02,-1.010666666666667e-05
2026-04-03,-3.596666666666667e-06
2026-04-04,3.175666666666667e-05
2026-04-05,2.7026666666666667e-05
2026-04-06,4.346666666666667e-05
2026-04-07,3.593666666666667e-05
2026-04-08,3.877e-05
2026-04-09,1.0353333333333335e-05
2026-04-10,2.273333333333333e-06
2026-04-11,-6.687666666666666e-05
2026-04-12,-4.044333333333333e-05
2026-04-13,-1.942e-05
2026-04-14,-2.785333333333333e-05
2026-04-15,-7.183e-05
2026-04-16,-2.8280000000000004e-05
2026-04-17,-1.5703333333333333e-05
2026-04-18,-6.588666666666667e-05
2026-04-19,-9.296666666666667e-05
2026-04-20,-4.0459999999999995e-05
2026-04-21,-6.0009999999999996e-05
2026-04-22,1.913333333333332e-06
2026-04-23,-6.0396666666666664e-05
2026-04-24,-4.948666666666667e-05
2026-04-25,-4.3370000000000007e-05
2026-04-26,1.9633333333333333e-06
2026-04-27,-4.696e-05
2026-04-28,-6.376666666666665e-06
2026-04-29,1.305e-05
